GANG_NAME,nation,source
12TH STREET PLAYERS,People,vice lord
4CH BPS CVL,People,same as below
AMBROSE,Folks,
ASHLAND VIKINGS,Folks,https://hiphopdatabase.fandom.com/wiki/Insane_Ashland_Vikings_Nation
AZTECAS,None,
BD BPS CVL,People,vice lord
BD GD IMPERIAL VICE LORDS,People,vice lord
BELIZEAN BLOODS,None,
BISHOPS,People,
BLACK DISCIPLES,Folks,https://greedhead.net/what-are-new-breeds-gang/
BLACK P STONE,People,https://en.wikipedia.org/wiki/Almighty_Black_P._Stone_Nation
BLACK P STONE & MICKEY COBRAS,People,https://en.wikipedia.org/wiki/Mickey_Cobras
BLACK P STONES,People,
BLACK P STONES MICKEY COBRAS CVL,People,"I can't find this gang, but I think it is just a branch or another name for Mickey Cobras"
BLACK SOULS,None,http://www.hipwiki.com/Black+Souls+%28Chicago+Gang%29
BPS CVL,People,vice lord
BRAZERS,People,"https://en-academic.com/dic.nsf/enwiki/11211139#:~:text=The%2012th%20Street%20Players%20were,16th%20Street%20on%20the%20South."
C-NOTES,None,http://www.stonegreasers.com/cnotes.html
CAMPBELL BOYS,Folks,https://www.reddit.com/user/chicagogangmaps/comments/sp4mem/renegade_insane_campbell_boys_gang_history_and/
CICERO INSANE VICE LORDS,People,https://www.atf.gov/news/pr/forty-members-and-associates-violent-street-gang-indicted
CONSERVATIVE VICE LORDS,People,https://www.atf.gov/news/pr/forty-members-and-associates-violent-street-gang-indicted
CRAZY LATIN BOYS,None,
DIRTY US,None,Cannot find this gang
FOUR CORNER HUSTLERS,People,
FOUR CORNER HUSTLERS & BLACK P STONES,People,https://en.wikipedia.org/wiki/Four_Corner_Hustlers
GANGSTER DISCIPLES,Folks,
GANGSTER DISCIPLES & BLACK DISCIPLES,Folks,"https://en.wikipedia.org/wiki/Gangster_Disciples#:~:text=The%20Gangster%20Disciples%20are%20an,Gangster%20Disciple%20Nation%20(BGDN)."
HARRISON GENTS,Folks,http://streetganginfo.blogspot.com/2012/11/almighty-harrison-gents.html?m=0
IMPERIAL GANGSTERS,Folks,
IMPERIAL INSANE VICE LORDS,People,https://en-academic.com/dic.nsf/enwiki/881974
INSANE CULLERTON DEUCES,Folks,https://hiphopdatabase.fandom.com/wiki/Folks_Nation
INSANE DEUCES,Folks,"https://casetext.com/case/lechuga-v-united-states-2#:~:text=The%20evidence%20adduced%20at%20trial,national%20network%20of%20local%20gangs."
INSANE DRAGONS,Folks,https://cvltnation.com/almighty-gang-nation-chicago-gangs-photo-essay-more/
INSANE POPES,Folks,
INSANE UNKNOWNS,People,https://en.wikipedia.org/wiki/People_Nation
KRAZY GET DOWN BOYS,None,http://www.hipwiki.com/Krazy+Getdown+Boyz
KRAZY GETDOWN BOYS,None,http://www.hipwiki.com/Krazy+Getdown+Boyz
LA FAMILIA STONES,People,https://www.youtube.com/watch?v=jS1JE6YIEpQ
LA RAZA,Folks,
LATIN BROTHERS ORGANIZATION,People,https://www.nationalbcc.org/news/beyond-the-rhetoric/1713-street-gangs-chicago-style
LATIN COUNTS,People,
LATIN DRAGONS,Folks,https://www.nationalbcc.org/news/beyond-the-rhetoric/1713-street-gangs-chicago-style
LATIN EAGLES,Folks,
LATIN JIVERS,Folks,https://www.flickr.com/photos/chicagocoldwar/albums/72157619862119003/
LATIN KINGS,People,
LATIN LOVERS,Folks,https://www.youtube.com/watch?v=trNcxevfpj0
LATIN SAINTS,Folks,https://www.chicagotribune.com/news/ct-xpm-1998-02-11-9802110270-story.html
LATIN SOULS,Folks,https://www.flickr.com/photos/chicagocoldwar/4217562858
LATIN STYLERS,Folks,https://www.reddit.com/r/Chiraqology/comments/sggyop/the_latin_stylers_is_a_small_gang_that_originally/
LATINOS OUT OF CONTROL,None,
MAFIA INSANE VICE LORDS,People,https://www.atf.gov/news/pr/forty-members-and-associates-violent-street-gang-indicted
MANIAC CAMPBELL BOYS,Folks,https://www.flickr.com/photos/chicagocoldwar/9119100892
MANIAC LATIN DISCIPLES,Folks,
MICKEY COBRAS,People,
MILWAUKEE KINGS,None,_
MIX UNKNOWN & TRAVELING VICE LORDS,Folks,"I can't find this gang, but given that it contains vice lords, it should be with Folks"
MORGAN BOYS,Folks,http://www.hipwiki.com/Morgan+Boys
NA,None,
NEW BREED,None ,https://vtechworks.lib.vt.edu/bitstream/handle/10919/73794/Moore_DM_T_2016.pdf
ORCHESTRA ALBANY,Folks,https://www.flickr.com/photos/chicagocoldwar/albums/72157619947694786/
OUTLAW BLOODS,None,
PACHUCOS,People,https://www.nationalbcc.org/news/beyond-the-rhetoric/1713-street-gangs-chicago-style
PARTY People,Folks,http://www.hipwiki.com/Party+People+%28Gang%29
PARTY PLAYERS,People,https://www.reddit.com/r/APPNLittleVillage/comments/qmssj0/almighty_party_players_gang_history_sets/
SATAN DISCIPLES,Folks,https://www.ngcrc.com/ngcrc/sataprof.htm
SIMON CITY ROYALS,Folks,
SPANISH COBRAS,Folks,https://en.wikipedia.org/wiki/Spanish_Cobras
SPANISH FOUR CORNER HUSTLERS,People,https://hiphopdatabase.fandom.com/wiki/Four_Corner_Hustlers_(gang)
SPANISH GANGSTER DISCIPLES,Folks,
SPANISH LORDS,None,
SPANISH VICE LORDS,People,https://www.atf.gov/news/pr/forty-members-and-associates-violent-street-gang-indicted
SURENO 13,None,
TITANIC STONES,People,https://hiphopdatabase.fandom.com/wiki/Titanic_Stones_(Black_P._Stones_set)
TRAVELING VICE LORDS,People,https://www.atf.gov/news/pr/forty-members-and-associates-violent-street-gang-indicted
TWO SIX,Folks,http://www.hipwiki.com/Krazy+Getdown+Boyz
TWO-SIX,Folks,https://en-academic.com/dic.nsf/enwiki/1228628
TWO-TWO BOYS,Folks,https://hiphopdatabase.fandom.com/wiki/Folks_Nation
UNDERTAKER VICE LORDS,People,https://www.atf.gov/news/pr/forty-members-and-associates-violent-street-gang-indicted
UNKNOWN VICE LORDS,People,https://www.atf.gov/news/pr/forty-members-and-associates-violent-street-gang-indicted
VICE LORDS,People,https://www.atf.gov/news/pr/forty-members-and-associates-violent-street-gang-indicted
YLO COBRAS,Folks,https://www.flickr.com/photos/chicagocoldwar/4350726400
YLO DISCIPLES,Folks,https://www.reddit.com/r/Chiraqology/comments/orkkr0/gang_history_ylod/
YOUNG LATIN ORGANIZATION COBRAS,Folks,https://oldschoolcg.tumblr.com/page/18
YOUNG LATIN ORGANIZATION DISCIPLE,Folks,https://oldschoolcg.tumblr.com/tagged/Young%20Latino%20Organization%20Disciples
YOUNG LATIN ORGANIZATION DISCIPLES,Folks,https://oldschoolcg.tumblr.com/page/18